{"cameraMode":{"drawMode":0,"name":"Shaded","section":"Shading Mode"},"sceneLighting":false,"audioPlay":false,"sceneViewState":{"m_AlwaysRefresh":false,"showFog":true,"showSkybox":true,"showFlares":true,"showImageEffects":true,"showParticleSystems":true,"showVisualEffectGraphs":true,"m_FxEnabled":false},"in2DMode":false,"pivot":{"x":868.2657470703125,"y":655.3240966796875,"z":-1355.8011474609375},"rotation":{"x":0.011794442310929299,"y":-0.04847938194870949,"z":0.0005608709761872888,"w":0.9986969828605652},"size":4.792065620422363,"orthographic":false}