{"cameraMode":{"drawMode":0,"name":"Shaded","section":"Shading Mode"},"sceneLighting":false,"audioPlay":false,"sceneViewState":{"m_AlwaysRefresh":false,"showFog":true,"showSkybox":true,"showFlares":true,"showImageEffects":true,"showParticleSystems":true,"showVisualEffectGraphs":true,"m_FxEnabled":false},"in2DMode":false,"pivot":{"x":11.472434043884278,"y":-1.301049828529358,"z":30.739545822143556},"rotation":{"x":0.03249860182404518,"y":0.13599982857704163,"z":-0.004463760647922754,"w":0.9901754856109619},"size":21.859556198120118,"orthographic":false}