{"cameraMode":{"drawMode":0,"name":"Shaded","section":"Shading Mode"},"sceneLighting":false,"audioPlay":false,"sceneViewState":{"m_AlwaysRefresh":false,"showFog":true,"showSkybox":true,"showFlares":true,"showImageEffects":true,"showParticleSystems":true,"showVisualEffectGraphs":true,"m_FxEnabled":false},"in2DMode":false,"pivot":{"x":603.9745483398438,"y":661.6554565429688,"z":-1256.7864990234375},"rotation":{"x":0.029783304780721666,"y":-0.03647841140627861,"z":0.0010775343980640174,"w":0.9988387823104858},"size":3.2311453819274904,"orthographic":false}