{"cameraMode":{"drawMode":0,"name":"Shaded","section":"Shading Mode"},"sceneLighting":false,"audioPlay":false,"sceneViewState":{"m_AlwaysRefresh":false,"showFog":true,"showSkybox":true,"showFlares":true,"showImageEffects":true,"showParticleSystems":true,"showVisualEffectGraphs":true,"m_FxEnabled":false},"in2DMode":false,"pivot":{"x":-0.029157456010580064,"y":3.451341152191162,"z":-7.344090461730957},"rotation":{"x":0.08270348608493805,"y":-0.013457858003675938,"z":0.001107061980292201,"w":0.9964427351951599},"size":0.726496160030365,"orthographic":false}